cls,year,n,n_firms,M1,M2,M3,treated,post
B65D,2018,974,718,0.015498019754886627,0.162340447306633,0.14386947453022003,0,0
B65D,2019,1010,746,0.015548661351203918,0.16244876384735107,0.1811295598745346,0,0
B65D,2020,1052,800,0.015754366293549538,0.1733352392911911,0.1600607931613922,0,0
B65D,2021,1042,749,0.015305002219974995,0.16928215324878693,0.15025252103805542,0,0
B65D,2022,1081,775,0.015409146435558796,0.1756194829940796,0.15401767194271088,0,0
B65D,2023,1039,759,0.01522122509777546,0.1680632084608078,0.14387288689613342,0,1
B65D,2024,1064,746,0.015520394779741764,0.17146071791648865,0.14014343917369843,0,1
B65D,2025,1121,715,0.01616246998310089,0.17074383795261383,0.1584702879190445,0,1
C40B,2018,174,133,0.028241584077477455,0.17759402096271515,0.3776473104953766,1,0
C40B,2019,178,128,0.03229023888707161,0.1908111572265625,0.2401888072490692,1,0
C40B,2020,210,149,0.030198724940419197,0.20137625932693481,0.38727980852127075,1,0
C40B,2021,198,143,0.029827766120433807,0.20129022002220154,0.2345169335603714,1,0
C40B,2022,176,133,0.031060725450515747,0.20003251731395721,0.2579948902130127,1,0
C40B,2023,163,121,0.03015873394906521,0.19208313524723053,0.15209247171878815,1,1
C40B,2024,79,62,0.03315148875117302,0.1597667932510376,0.11532165855169296,1,1
C40B,2025,79,60,0.028071658685803413,0.14841316640377045,0.17453378438949585,1,1
F16B,2018,1049,698,0.016340145841240883,0.16289491951465607,0.06436484307050705,0,0
F16B,2019,1063,694,0.01632973924279213,0.1615012288093567,0.08692033588886261,0,0
F16B,2020,1068,715,0.016429748386144638,0.16307318210601807,0.22393640875816345,0,0
F16B,2021,1079,728,0.016874296590685844,0.16261544823646545,0.17777873575687408,0,0
F16B,2022,1136,733,0.016536377370357513,0.17013241350650787,0.13905605673789978,0,0
F16B,2023,1087,713,0.017247702926397324,0.17156684398651123,0.1158781349658966,0,1
F16B,2024,831,564,0.016923746094107628,0.15605472028255463,0.11761507391929626,0,1
F16B,2025,588,417,0.017947835847735405,0.15368534624576569,0.1325656920671463,0,1
F16H,2018,1272,457,0.020563393831253052,0.19461065530776978,0.0618920661509037,0,0
F16H,2019,1230,462,0.020703893154859543,0.1882452368736267,0.06060338020324707,0,0
F16H,2020,1253,470,0.021360814571380615,0.18864040076732635,0.06713755428791046,0,0
F16H,2021,1232,461,0.02047577127814293,0.1871262639760971,0.06796243041753769,0,0
F16H,2022,1265,452,0.021147243678569794,0.19347873330116272,0.06913945078849792,0,0
F16H,2023,1275,433,0.023025769740343094,0.19204147160053253,0.07638750970363617,0,1
F16H,2024,1131,419,0.023988541215658188,0.18905937671661377,0.07161764800548553,0,1
F16H,2025,683,322,0.023735295981168747,0.174385666847229,0.0672420784831047,0,1
G06N,2018,1107,536,0.02008221484720707,0.16072897613048553,0.04054965078830719,1,0
G06N,2019,1133,553,0.020625978708267212,0.1604243963956833,0.046029672026634216,1,0
G06N,2020,1179,593,0.02110837772488594,0.16520726680755615,0.045942604541778564,1,0
G06N,2021,1161,578,0.02136714570224285,0.16065822541713715,0.0439688041806221,1,0
G06N,2022,1246,613,0.022125335410237312,0.1739165186882019,0.04284592345356941,1,0
G06N,2023,1183,600,0.02178235538303852,0.17397230863571167,0.03980965167284012,1,1
G06N,2024,1206,591,0.02213020995259285,0.1703086793422699,0.043317463248968124,1,1
G06N,2025,1219,598,0.023356448858976364,0.16960495710372925,0.04530169814825058,1,1
G16B,2018,683,377,0.01829073764383793,0.17441171407699585,0.16880753636360168,1,0
G16B,2019,707,408,0.018789244815707207,0.17660191655158997,0.12349759042263031,1,0
G16B,2020,775,420,0.018958905711770058,0.17754362523555756,0.10118338465690613,1,0
G16B,2021,835,435,0.01871003955602646,0.1726371943950653,0.11510392278432846,1,0
G16B,2022,910,476,0.018563125282526016,0.17020709812641144,0.09177060425281525,1,0
G16B,2023,864,452,0.019833410158753395,0.16632825136184692,0.12400740385055542,1,1
G16B,2024,609,320,0.021304534748196602,0.16949233412742615,0.08292429894208908,1,1
G16B,2025,527,251,0.020491544157266617,0.15852653980255127,0.13655604422092438,1,1
G16C,2018,140,93,0.01677614264190197,0.12016912549734116,0.30240967869758606,1,0
G16C,2019,187,127,0.01631583273410797,0.11005350947380066,0.202456995844841,1,0
G16C,2020,210,129,0.01958414539694786,0.1346379667520523,0.10198057442903519,1,0
G16C,2021,266,161,0.01988900825381279,0.13827750086784363,0.20666436851024628,1,0
G16C,2022,328,176,0.02193964459002018,0.15820980072021484,0.18174590170383453,1,0
G16C,2023,309,183,0.02252286486327648,0.15606839954853058,0.1608860194683075,1,1
G16C,2024,279,161,0.023903576657176018,0.15528245270252228,0.16062428057193756,1,1
G16C,2025,245,117,0.022747758775949478,0.14871054887771606,0.13504086434841156,1,1
